{
    "dataBinding": {
        "dataRoles": [
            {
                "name": "ActualValue",
                "displayNameKey": "数值",
                "kind": "value"
            },
            {
                "name": "dimension",
                "displayNameKey": "分类",
                "kind": "grouping"
            }
        ],
        "dataViewMappings": [
            {
                "plain": {
                    "required": [
                        {
                            "ActualValue": {
                                "min": 1
                            },
                            "dimension": {
                                "min": 1
                            }
                        }
                    ]
                }
            }
        ],
        "conditions": [
            {
                "ActualValue": {
                    "max": 1
                },
                "dimension": {
                    "max": 1
                }
            }
        ]
    },
    "options": {
        "visual": [
            {
                "displayName": "自定义属性",
                "properties": [
                    {
                        "name": "barWidth",
                        "type": "Integer",
                        "displayName": "柱子宽度",
                        "defaultValue": 14
                    },
                    {
                        "name": "fontSize",
                        "type": "Integer",
                        "displayName": "分类字体大小",
                        "defaultValue": 14
                    },
                    {
                        "name": "textColor",
                        "type": "Color",
                        "displayName": "分类字体颜色",
                        "defaultValue": "#ffffff"
                    },
                    {
                        "name": "barBackgroundColor",
                        "type": "Color",
                        "displayName": "背景颜色",
                        "defaultValue": "#444a58"
                    },
                    {
                        "name": "barStartColor",
                        "type": "Color",
                        "displayName": "起始颜色",
                        "defaultValue": "#57eabf"
                    },
                    {
                        "name": "barEndcolor",
                        "type": "Color",
                        "displayName": "终止颜色",
                        "defaultValue": "#2563f9"
                    }
                ]
            },
            {
                "type": "interaction"
            },
            {
                "type": "title"
            },
            {
                "type": "appearance"
            }
        ]
    },
    "actions": [
        {
            "type": "focus"
        },
        {
            "type": "export"
        },
        {
            "type": "filter"
        },
        {
            "type": "rank"
        },
        {
            "type": "annotation"
        }
    ],
    "analysis": []
}